<?xml version="1.0" encoding="UTF-8"?>

<export>
	<info>
		<creator>Admin</creator>
		<opencms_version>7.0.3</opencms_version>
		<createdate>Thu, 03 Jan 2008 10:24:28 GMT</createdate>
		<project>Offline</project>
		<export_version>6</export_version>
	</info>
	<module>
		<name>com.synyx.greetingcards</name>
		<nicename><![CDATA[Greeting cards]]></nicename>
		<class>com.synyx.greetingcard.InitializeGreetingcard</class>
		<description/>
		<version>0.43</version>
		<authorname><![CDATA[Rainer Steinegger]]></authorname>
		<authoremail><![CDATA[steinegger@synyx.de]]></authoremail>
		<datecreated/>
		<userinstalled/>
		<dateinstalled/>
		<dependencies/>
		<exportpoints>
			<exportpoint uri="/system/modules/com.synyx.greetingcards/classes/" destination="WEB-INF/classes/"/>
			<exportpoint uri="/system/modules/com.synyx.greetingcards/lib/" destination="WEB-INF/lib/"/>
		</exportpoints>
		<resources>
			<resource uri="/system/modules/com.synyx.greetingcards/"/>
			<resource uri="/greetingcards/"/>
			<resource uri="/system/workplace/admin/greetingcards/"/>
			<resource uri="/system/workplace/resources/tools/greetingcards/"/>
		</resources>
		<parameters/>
		<resourcetypes>
			<type class="org.opencms.file.types.CmsResourceTypeXmlContent" name="synyx_greetingcard" id="202">
				<param name="schema">/system/modules/com.synyx.greetingcards/resources/schemas/synyx_greetingcard.xsd</param>
			</type>
			<type class="org.opencms.file.types.CmsResourceTypeXmlContent" name="synyx_greetingcard_configuration" id="203">
				<param name="schema">/system/modules/com.synyx.greetingcards/resources/schemas/synyx_greetingcard_configuration.xsd</param>
			</type>
		</resourcetypes>
		<explorertypes>
			<explorertype name="synyx_greetingcard" key="fileicon.synyx_greetingcard" icon="xmlcontent.gif" reference="xmlcontent">
				<newresource page="structurecontent" uri="newresource_xmlcontent.jsp?newresourcetype=synyx_greetingcard" order="202" autosetnavigation="false" autosettitle="false"/>
				<accesscontrol>
					<accessentry principal="GROUP.Administrators" permissions="+r+v+w+c"/>
					<accessentry principal="GROUP.Projectmanagers" permissions="+r+w"/>
					<accessentry principal="GROUP.Users" permissions="+r"/>
				</accesscontrol>
			</explorertype>
			<explorertype name="synyx_greetingcard_configuration" key="fileicon.synyx_greetingcard_configuration" icon="xmlcontent.gif" reference="xmlcontent">
				<newresource page="structurecontent" uri="newresource_xmlcontent.jsp?newresourcetype=synyx_greetingcard_configuration" order="203" autosetnavigation="false" autosettitle="false"/>
				<accesscontrol>
					<accessentry principal="GROUP.Administrators" permissions="+r+v+w+c"/>
					<accessentry principal="GROUP.Projectmanagers" permissions="+r+w"/>
					<accessentry principal="GROUP.Users" permissions=""/>
				</accesscontrol>
			</explorertype>
		</explorertypes>
	</module>
	<files>
		<file>
			<destination>greetingcards</destination>
			<type>folder</type>
			<uuidstructure>fd54438d-9f45-11dc-a80b-3b470b76c2ba</uuidstructure>
			<datelastmodified>Sun, 20 May 2007 13:22:15 GMT</datelastmodified>
			<userlastmodified>Admin</userlastmodified>
			<datecreated>Sun, 20 May 2007 13:22:15 GMT</datecreated>
			<usercreated>Admin</usercreated>
			<flags>0</flags>
			<properties/>
			<relations/>
			<accesscontrol>
				<accessentry>
					<uuidprincipal>GROUP.Guests</uuidprincipal>
					<flags>34</flags>
					<permissionset>
						<allowed>3</allowed>
						<denied>0</denied>
					</permissionset>
				</accessentry>
			</accesscontrol>
		</file>
		<file>
			<destination>greetingcards/archive</destination>
			<type>folder</type>
			<uuidstructure>fda26390-9f45-11dc-a80b-3b470b76c2ba</uuidstructure>
			<datelastmodified>Sun, 20 May 2007 13:22:15 GMT</datelastmodified>
			<userlastmodified>Admin</userlastmodified>
			<datecreated>Sun, 20 May 2007 13:22:15 GMT</datecreated>
			<usercreated>Admin</usercreated>
			<flags>0</flags>
			<properties/>
			<relations/>
			<accesscontrol>
				<accessentry>
					<uuidprincipal>GROUP.Guests</uuidprincipal>
					<flags>38</flags>
					<permissionset>
						<allowed>23</allowed>
						<denied>0</denied>
					</permissionset>
				</accessentry>
			</accesscontrol>
		</file>
		<file>
			<destination>greetingcards/content</destination>
			<type>folder</type>
			<uuidstructure>fda522b3-9f45-11dc-a80b-3b470b76c2ba</uuidstructure>
			<datelastmodified>Sun, 20 May 2007 13:22:15 GMT</datelastmodified>
			<userlastmodified>Admin</userlastmodified>
			<datecreated>Sun, 20 May 2007 13:22:15 GMT</datecreated>
			<usercreated>Admin</usercreated>
			<flags>0</flags>
			<properties>
				<property>
					<name>Title</name>
					<value><![CDATA[The generated greetings cards are saved in this folder.]]></value>
				</property>
			</properties>
			<relations/>
			<accesscontrol/>
		</file>
		<file>
			<destination>greetingcards/content/animals</destination>
			<type>folder</type>
			<uuidstructure>fda74596-9f45-11dc-a80b-3b470b76c2ba</uuidstructure>
			<datelastmodified>Sun, 20 May 2007 13:22:15 GMT</datelastmodified>
			<userlastmodified>Admin</userlastmodified>
			<datecreated>Sun, 20 May 2007 13:22:15 GMT</datecreated>
			<usercreated>Admin</usercreated>
			<flags>0</flags>
			<properties>
				<property>
					<name>NavPos</name>
					<value><![CDATA[2.0]]></value>
				</property>
				<property>
					<name>NavText</name>
					<value><![CDATA[Tierbilder]]></value>
				</property>
				<property>
					<name>Title</name>
					<value><![CDATA[Tierbilder]]></value>
				</property>
			</properties>
			<relations/>
			<accesscontrol/>
		</file>
		<file>
			<destination>greetingcards/content/landscape</destination>
			<type>folder</type>
			<uuidstructure>fdaa2bcb-9f45-11dc-a80b-3b470b76c2ba</uuidstructure>
			<datelastmodified>Sun, 20 May 2007 13:22:15 GMT</datelastmodified>
			<userlastmodified>Admin</userlastmodified>
			<datecreated>Sun, 20 May 2007 13:22:15 GMT</datecreated>
			<usercreated>Admin</usercreated>
			<flags>0</flags>
			<properties>
				<property>
					<name>NavPos</name>
					<value><![CDATA[1.0]]></value>
				</property>
				<property>
					<name>NavText</name>
					<value><![CDATA[Landschaft]]></value>
				</property>
				<property>
					<name>Title</name>
					<value><![CDATA[Landschaften]]></value>
				</property>
			</properties>
			<relations/>
			<accesscontrol/>
		</file>
		<file>
			<destination>greetingcards/content/plants</destination>
			<type>folder</type>
			<uuidstructure>fdaceaf0-9f45-11dc-a80b-3b470b76c2ba</uuidstructure>
			<datelastmodified>Sun, 20 May 2007 13:22:15 GMT</datelastmodified>
			<userlastmodified>Admin</userlastmodified>
			<datecreated>Sun, 20 May 2007 13:22:15 GMT</datecreated>
			<usercreated>Admin</usercreated>
			<flags>0</flags>
			<properties>
				<property>
					<name>NavPos</name>
					<value><![CDATA[3.0]]></value>
				</property>
				<property>
					<name>NavText</name>
					<value><![CDATA[Pflanzen]]></value>
				</property>
				<property>
					<name>Title</name>
					<value><![CDATA[Pflanzen]]></value>
				</property>
			</properties>
			<relations/>
			<accesscontrol/>
		</file>
		<file>
			<destination>greetingcards/MailsToSend</destination>
			<type>folder</type>
			<uuidstructure>fdaf5bf5-9f45-11dc-a80b-3b470b76c2ba</uuidstructure>
			<datelastmodified>Sun, 20 May 2007 13:22:15 GMT</datelastmodified>
			<userlastmodified>Admin</userlastmodified>
			<datecreated>Sun, 20 May 2007 13:22:15 GMT</datecreated>
			<usercreated>Admin</usercreated>
			<flags>0</flags>
			<properties/>
			<relations/>
			<accesscontrol>
				<accessentry>
					<uuidprincipal>GROUP.Guests</uuidprincipal>
					<flags>38</flags>
					<permissionset>
						<allowed>23</allowed>
						<denied>0</denied>
					</permissionset>
				</accessentry>
			</accesscontrol>
		</file>
		<file>
			<destination>system</destination>
			<type>folder</type>
			<uuidstructure>732084ac-a8da-11dc-9fe6-3170b887e8cb</uuidstructure>
			<datelastmodified>Mon, 10 Oct 2005 08:10:10 GMT</datelastmodified>
			<userlastmodified>Admin</userlastmodified>
			<datecreated>Wed, 12 Dec 2007 17:48:30 GMT</datecreated>
			<usercreated>Admin</usercreated>
			<flags>0</flags>
			<properties/>
			<relations/>
			<accesscontrol>
				<accessentry>
					<uuidprincipal>GROUP.Users</uuidprincipal>
					<flags>34</flags>
					<permissionset>
						<allowed>1</allowed>
						<denied>0</denied>
					</permissionset>
				</accessentry>
			</accesscontrol>
		</file>
		<file>
			<destination>system/modules</destination>
			<type>folder</type>
			<uuidstructure>82515fe7-11b7-11db-91cd-fdbae480bac9</uuidstructure>
			<datelastmodified>Mon, 27 Mar 2006 12:00:00 GMT</datelastmodified>
			<userlastmodified>Admin</userlastmodified>
			<datecreated>Mon, 27 Jun 2005 08:00:00 GMT</datecreated>
			<usercreated>Admin</usercreated>
			<flags>0</flags>
			<properties/>
			<relations/>
			<accesscontrol/>
		</file>
		<file>
			<destination>system/modules/com.synyx.greetingcards</destination>
			<type>folder</type>
			<uuidstructure>fdb5014b-9f45-11dc-a80b-3b470b76c2ba</uuidstructure>
			<datelastmodified>Mon, 25 Sep 2006 08:30:12 GMT</datelastmodified>
			<userlastmodified>Admin</userlastmodified>
			<datecreated>Mon, 25 Sep 2006 08:30:12 GMT</datecreated>
			<usercreated>Admin</usercreated>
			<flags>0</flags>
			<properties/>
			<relations/>
			<accesscontrol/>
		</file>
		<file>
			<destination>system/modules/com.synyx.greetingcards/classes</destination>
			<type>folder</type>
			<uuidstructure>fdb687ed-9f45-11dc-a80b-3b470b76c2ba</uuidstructure>
			<datelastmodified>Mon, 25 Sep 2006 11:02:47 GMT</datelastmodified>
			<userlastmodified>Admin</userlastmodified>
			<datecreated>Mon, 25 Sep 2006 11:02:47 GMT</datecreated>
			<usercreated>Admin</usercreated>
			<flags>0</flags>
			<properties/>
			<relations/>
			<accesscontrol/>
		</file>
		<file>
			<destination>system/modules/com.synyx.greetingcards/classes/com</destination>
			<type>folder</type>
			<uuidstructure>fdb85caf-9f45-11dc-a80b-3b470b76c2ba</uuidstructure>
			<datelastmodified>Mon, 25 Sep 2006 11:03:05 GMT</datelastmodified>
			<userlastmodified>Admin</userlastmodified>
			<datecreated>Mon, 25 Sep 2006 11:03:05 GMT</datecreated>
			<usercreated>Admin</usercreated>
			<flags>0</flags>
			<properties/>
			<relations/>
			<accesscontrol/>
		</file>
		<file>
			<destination>system/modules/com.synyx.greetingcards/classes/com/synyx</destination>
			<type>folder</type>
			<uuidstructure>fdba5881-9f45-11dc-a80b-3b470b76c2ba</uuidstructure>
			<datelastmodified>Mon, 25 Sep 2006 11:03:13 GMT</datelastmodified>
			<userlastmodified>Admin</userlastmodified>
			<datecreated>Mon, 25 Sep 2006 11:03:13 GMT</datecreated>
			<usercreated>Admin</usercreated>
			<flags>0</flags>
			<properties/>
			<relations/>
			<accesscontrol/>
		</file>
		<file>
			<destination>system/modules/com.synyx.greetingcards/classes/com/synyx/greetingcards</destination>
			<type>folder</type>
			<uuidstructure>fdbdb3e3-9f45-11dc-a80b-3b470b76c2ba</uuidstructure>
			<datelastmodified>Mon, 25 Sep 2006 12:59:11 GMT</datelastmodified>
			<userlastmodified>Admin</userlastmodified>
			<datecreated>Mon, 25 Sep 2006 12:59:11 GMT</datecreated>
			<usercreated>Admin</usercreated>
			<flags>0</flags>
			<properties/>
			<relations/>
			<accesscontrol/>
		</file>
		<file>
			<source>system/modules/com.synyx.greetingcards/classes/com/synyx/greetingcards/messages.properties</source>
			<destination>system/modules/com.synyx.greetingcards/classes/com/synyx/greetingcards/messages.properties</destination>
			<type>plain</type>
			<uuidstructure>333ef224-abd1-11dc-b4c2-e1f22f2710d3</uuidstructure>
			<uuidresource>333ef225-abd1-11dc-b4c2-e1f22f2710d3</uuidresource>
			<datelastmodified>Sun, 16 Dec 2007 22:31:46 GMT</datelastmodified>
			<userlastmodified>Admin</userlastmodified>
			<datecreated>Sun, 16 Dec 2007 12:19:51 GMT</datecreated>
			<usercreated>Admin</usercreated>
			<flags>0</flags>
			<properties/>
			<relations/>
			<accesscontrol/>
		</file>
		<file>
			<source>system/modules/com.synyx.greetingcards/classes/com/synyx/greetingcards/workplace.properties</source>
			<destination>system/modules/com.synyx.greetingcards/classes/com/synyx/greetingcards/workplace.properties</destination>
			<type>plain</type>
			<uuidstructure>fdbf88a4-9f45-11dc-a80b-3b470b76c2ba</uuidstructure>
			<uuidresource>fda1a4ed-4ca7-11db-9220-ff4ce8fd69c9</uuidresource>
			<datelastmodified>Mon, 13 Nov 2006 09:46:51 GMT</datelastmodified>
			<userlastmodified>Admin</userlastmodified>
			<datecreated>Mon, 25 Sep 2006 15:10:33 GMT</datecreated>
			<usercreated>Admin</usercreated>
			<flags>0</flags>
			<properties/>
			<relations/>
			<accesscontrol/>
		</file>
		<file>
			<destination>system/modules/com.synyx.greetingcards/config</destination>
			<type>folder</type>
			<uuidstructure>4f28a333-aa49-11dc-85fc-3b470b76c2ba</uuidstructure>
			<datelastmodified>Fri, 14 Dec 2007 13:34:35 GMT</datelastmodified>
			<userlastmodified>Admin</userlastmodified>
			<datecreated>Fri, 14 Dec 2007 13:34:35 GMT</datecreated>
			<usercreated>Admin</usercreated>
			<flags>0</flags>
			<properties/>
			<relations/>
			<accesscontrol/>
		</file>
		<file>
			<source>system/modules/com.synyx.greetingcards/config/configuration</source>
			<destination>system/modules/com.synyx.greetingcards/config/configuration</destination>
			<type>synyx_greetingcard_configuration</type>
			<uuidstructure>fd5ca7fe-9f45-11dc-a80b-3b470b76c2ba</uuidstructure>
			<uuidresource>ae909541-845c-11db-911a-73ceb87f0f78</uuidresource>
			<datelastmodified>Thu, 03 Jan 2008 10:05:01 GMT</datelastmodified>
			<userlastmodified>Admin</userlastmodified>
			<datecreated>Tue, 05 Dec 2006 12:32:33 GMT</datecreated>
			<usercreated>Admin</usercreated>
			<flags>0</flags>
			<properties/>
			<relations/>
			<accesscontrol/>
		</file>
		<file>
			<destination>system/modules/com.synyx.greetingcards/doc</destination>
			<type>folder</type>
			<uuidstructure>fdc18476-9f45-11dc-a80b-3b470b76c2ba</uuidstructure>
			<datelastmodified>Mon, 13 Nov 2006 10:42:41 GMT</datelastmodified>
			<userlastmodified>Admin</userlastmodified>
			<datecreated>Mon, 13 Nov 2006 10:42:41 GMT</datecreated>
			<usercreated>Admin</usercreated>
			<flags>0</flags>
			<properties/>
			<relations/>
			<accesscontrol/>
		</file>
		<file>
			<source>system/modules/com.synyx.greetingcards/doc/INSTALLATION</source>
			<destination>system/modules/com.synyx.greetingcards/doc/INSTALLATION</destination>
			<type>plain</type>
			<uuidstructure>fdc38047-9f45-11dc-a80b-3b470b76c2ba</uuidstructure>
			<uuidresource>25e912f9-06d3-11dc-9934-e5cb2d7568ee</uuidresource>
			<datelastmodified>Sun, 20 May 2007 13:08:05 GMT</datelastmodified>
			<userlastmodified>Admin</userlastmodified>
			<datecreated>Sun, 20 May 2007 13:08:05 GMT</datecreated>
			<usercreated>Admin</usercreated>
			<flags>0</flags>
			<properties>
				<property>
					<name>Title</name>
					<value><![CDATA[INSTALLATION]]></value>
				</property>
			</properties>
			<relations/>
			<accesscontrol/>
		</file>
		<file>
			<source>system/modules/com.synyx.greetingcards/doc/LICENSE</source>
			<destination>system/modules/com.synyx.greetingcards/doc/LICENSE</destination>
			<type>plain</type>
			<uuidstructure>fdc5ca39-9f45-11dc-a80b-3b470b76c2ba</uuidstructure>
			<uuidresource>2c4297cd-06d3-11dc-9934-e5cb2d7568ee</uuidresource>
			<datelastmodified>Sun, 20 May 2007 13:08:16 GMT</datelastmodified>
			<userlastmodified>Admin</userlastmodified>
			<datecreated>Sun, 20 May 2007 13:08:16 GMT</datecreated>
			<usercreated>Admin</usercreated>
			<flags>0</flags>
			<properties>
				<property>
					<name>Title</name>
					<value><![CDATA[LICENSE]]></value>
				</property>
			</properties>
			<relations/>
			<accesscontrol/>
		</file>
		<file>
			<source>system/modules/com.synyx.greetingcards/doc/USAGE</source>
			<destination>system/modules/com.synyx.greetingcards/doc/USAGE</destination>
			<type>plain</type>
			<uuidstructure>fdc83b3b-9f45-11dc-a80b-3b470b76c2ba</uuidstructure>
			<uuidresource>34ad2251-06d3-11dc-9934-e5cb2d7568ee</uuidresource>
			<datelastmodified>Sun, 20 May 2007 13:08:30 GMT</datelastmodified>
			<userlastmodified>Admin</userlastmodified>
			<datecreated>Sun, 20 May 2007 13:08:30 GMT</datecreated>
			<usercreated>Admin</usercreated>
			<flags>0</flags>
			<properties>
				<property>
					<name>Title</name>
					<value><![CDATA[USAGE]]></value>
				</property>
			</properties>
			<relations/>
			<accesscontrol/>
		</file>
		<file>
			<destination>system/modules/com.synyx.greetingcards/elements</destination>
			<type>folder</type>
			<uuidstructure>fdca5e1e-9f45-11dc-a80b-3b470b76c2ba</uuidstructure>
			<datelastmodified>Mon, 25 Sep 2006 08:30:12 GMT</datelastmodified>
			<userlastmodified>Admin</userlastmodified>
			<datecreated>Mon, 25 Sep 2006 08:30:12 GMT</datecreated>
			<usercreated>Admin</usercreated>
			<flags>0</flags>
			<properties/>
			<relations/>
			<accesscontrol/>
		</file>
		<file>
			<source>system/modules/com.synyx.greetingcards/elements/chooseImage.jsp</source>
			<destination>system/modules/com.synyx.greetingcards/elements/chooseImage.jsp</destination>
			<type>jsp</type>
			<uuidstructure>fdcc59ef-9f45-11dc-a80b-3b470b76c2ba</uuidstructure>
			<uuidresource>fc4e0cf3-07b9-11dc-85d6-6d1395954280</uuidresource>
			<datelastmodified>Thu, 03 Jan 2008 08:56:52 GMT</datelastmodified>
			<userlastmodified>Admin</userlastmodified>
			<datecreated>Mon, 21 May 2007 16:40:29 GMT</datecreated>
			<usercreated>Admin</usercreated>
			<flags>0</flags>
			<properties>
				<property>
					<name>Title</name>
					<value><![CDATA[chooseimage]]></value>
				</property>
				<property type="shared">
					<name>export</name>
					<value><![CDATA[false]]></value>
				</property>
			</properties>
			<relations/>
			<accesscontrol/>
		</file>
		<file>
			<source>system/modules/com.synyx.greetingcards/elements/dataInput.jsp</source>
			<destination>system/modules/com.synyx.greetingcards/elements/dataInput.jsp</destination>
			<type>jsp</type>
			<uuidstructure>fdcecaf2-9f45-11dc-a80b-3b470b76c2ba</uuidstructure>
			<uuidresource>07639338-07ba-11dc-85d6-6d1395954280</uuidresource>
			<datelastmodified>Thu, 03 Jan 2008 08:56:52 GMT</datelastmodified>
			<userlastmodified>Admin</userlastmodified>
			<datecreated>Mon, 21 May 2007 16:40:48 GMT</datecreated>
			<usercreated>Admin</usercreated>
			<flags>0</flags>
			<properties>
				<property>
					<name>Title</name>
					<value><![CDATA[datainput]]></value>
				</property>
				<property type="shared">
					<name>export</name>
					<value><![CDATA[false]]></value>
				</property>
			</properties>
			<relations/>
			<accesscontrol/>
		</file>
		<file>
			<source>system/modules/com.synyx.greetingcards/elements/showPreview.jsp</source>
			<destination>system/modules/com.synyx.greetingcards/elements/showPreview.jsp</destination>
			<type>jsp</type>
			<uuidstructure>fdd13bf5-9f45-11dc-a80b-3b470b76c2ba</uuidstructure>
			<uuidresource>bd70ec5f-4cb4-11db-9220-ff4ce8fd69c9</uuidresource>
			<datelastmodified>Thu, 03 Jan 2008 09:23:50 GMT</datelastmodified>
			<userlastmodified>Admin</userlastmodified>
			<datecreated>Mon, 25 Sep 2006 16:41:49 GMT</datecreated>
			<usercreated>Admin</usercreated>
			<flags>0</flags>
			<properties>
				<property>
					<name>Title</name>
					<value><![CDATA[Shows the preview of the selected greeting card.]]></value>
				</property>
				<property type="shared">
					<name>export</name>
					<value><![CDATA[false]]></value>
				</property>
			</properties>
			<relations/>
			<accesscontrol/>
		</file>
		<file>
			<source>system/modules/com.synyx.greetingcards/elements/statistics.jsp</source>
			<destination>system/modules/com.synyx.greetingcards/elements/statistics.jsp</destination>
			<type>jsp</type>
			<uuidstructure>fdd3d408-9f45-11dc-a80b-3b470b76c2ba</uuidstructure>
			<uuidresource>09e084df-85e7-11db-bc3c-73ceb87f0f78</uuidresource>
			<datelastmodified>Thu, 03 Jan 2008 10:21:26 GMT</datelastmodified>
			<userlastmodified>Admin</userlastmodified>
			<datecreated>Thu, 07 Dec 2006 11:35:28 GMT</datecreated>
			<usercreated>Admin</usercreated>
			<flags>0</flags>
			<properties>
				<property>
					<name>Title</name>
					<value><![CDATA[Statistik]]></value>
				</property>
				<property type="shared">
					<name>export</name>
					<value><![CDATA[false]]></value>
				</property>
			</properties>
			<relations/>
			<accesscontrol/>
		</file>
		<file>
			<source>system/modules/com.synyx.greetingcards/elements/transmitMail.jsp</source>
			<destination>system/modules/com.synyx.greetingcards/elements/transmitMail.jsp</destination>
			<type>jsp</type>
			<uuidstructure>fdd6450b-9f45-11dc-a80b-3b470b76c2ba</uuidstructure>
			<uuidresource>a1219e08-5aca-11db-8f3e-db9387643baa</uuidresource>
			<datelastmodified>Thu, 03 Jan 2008 08:56:52 GMT</datelastmodified>
			<userlastmodified>Admin</userlastmodified>
			<datecreated>Fri, 13 Oct 2006 14:53:47 GMT</datecreated>
			<usercreated>Admin</usercreated>
			<flags>0</flags>
			<properties>
				<property>
					<name>Title</name>
					<value><![CDATA[Transmits the mail so the server.]]></value>
				</property>
				<property type="shared">
					<name>export</name>
					<value><![CDATA[false]]></value>
				</property>
			</properties>
			<relations/>
			<accesscontrol/>
		</file>
		<file>
			<destination>system/modules/com.synyx.greetingcards/lib</destination>
			<type>folder</type>
			<uuidstructure>fdd9ee8f-9f45-11dc-a80b-3b470b76c2ba</uuidstructure>
			<datelastmodified>Tue, 26 Sep 2006 15:25:06 GMT</datelastmodified>
			<userlastmodified>Admin</userlastmodified>
			<datecreated>Tue, 26 Sep 2006 15:25:06 GMT</datecreated>
			<usercreated>Admin</usercreated>
			<flags>0</flags>
			<properties/>
			<relations/>
			<accesscontrol/>
		</file>
		<file>
			<source>system/modules/com.synyx.greetingcards/lib/GreetingCard.jar</source>
			<destination>system/modules/com.synyx.greetingcards/lib/GreetingCard.jar</destination>
			<type>binary</type>
			<uuidstructure>fddc1170-9f45-11dc-a80b-3b470b76c2ba</uuidstructure>
			<uuidresource>bbb03a72-6dad-11db-a4a8-1947ab1b5b6e</uuidresource>
			<datelastmodified>Thu, 03 Jan 2008 09:21:58 GMT</datelastmodified>
			<userlastmodified>Admin</userlastmodified>
			<datecreated>Mon, 06 Nov 2006 15:44:48 GMT</datecreated>
			<usercreated>Admin</usercreated>
			<flags>0</flags>
			<properties>
				<property>
					<name>Title</name>
					<value><![CDATA[GreetingCard]]></value>
				</property>
			</properties>
			<relations/>
			<accesscontrol/>
		</file>
		<file>
			<destination>system/modules/com.synyx.greetingcards/resources</destination>
			<type>folder</type>
			<uuidstructure>fddef7a3-9f45-11dc-a80b-3b470b76c2ba</uuidstructure>
			<datelastmodified>Mon, 25 Sep 2006 11:02:09 GMT</datelastmodified>
			<userlastmodified>Admin</userlastmodified>
			<datecreated>Mon, 25 Sep 2006 11:02:09 GMT</datecreated>
			<usercreated>Admin</usercreated>
			<flags>0</flags>
			<properties/>
			<relations/>
			<accesscontrol/>
		</file>
		<file>
			<destination>system/modules/com.synyx.greetingcards/resources/icons</destination>
			<type>folder</type>
			<uuidstructure>fde0f375-9f45-11dc-a80b-3b470b76c2ba</uuidstructure>
			<datelastmodified>Wed, 06 Dec 2006 09:10:11 GMT</datelastmodified>
			<userlastmodified>Admin</userlastmodified>
			<datecreated>Wed, 06 Dec 2006 09:10:11 GMT</datecreated>
			<usercreated>Admin</usercreated>
			<flags>0</flags>
			<properties/>
			<relations/>
			<accesscontrol/>
		</file>
		<file>
			<source>system/modules/com.synyx.greetingcards/resources/icons/mag16x16.png</source>
			<destination>system/modules/com.synyx.greetingcards/resources/icons/mag16x16.png</destination>
			<type>image</type>
			<uuidstructure>fde31656-9f45-11dc-a80b-3b470b76c2ba</uuidstructure>
			<uuidresource>aee6ec6a-850d-11db-be8d-73ceb87f0f78</uuidresource>
			<datelastmodified>Wed, 06 Dec 2006 09:39:35 GMT</datelastmodified>
			<userlastmodified>Admin</userlastmodified>
			<datecreated>Wed, 06 Dec 2006 09:39:35 GMT</datecreated>
			<usercreated>Admin</usercreated>
			<flags>0</flags>
			<properties>
				<property>
					<name>Title</name>
					<value><![CDATA[search]]></value>
				</property>
				<property type="shared">
					<name>image.size</name>
					<value><![CDATA[w:16,h:16]]></value>
				</property>
			</properties>
			<relations/>
			<accesscontrol/>
		</file>
		<file>
			<source>system/modules/com.synyx.greetingcards/resources/icons/mag32x32.png</source>
			<destination>system/modules/com.synyx.greetingcards/resources/icons/mag32x32.png</destination>
			<type>image</type>
			<uuidstructure>fde5d579-9f45-11dc-a80b-3b470b76c2ba</uuidstructure>
			<uuidresource>c83b2562-850d-11db-be8d-73ceb87f0f78</uuidresource>
			<datelastmodified>Wed, 06 Dec 2006 09:40:17 GMT</datelastmodified>
			<userlastmodified>Admin</userlastmodified>
			<datecreated>Wed, 06 Dec 2006 09:40:17 GMT</datecreated>
			<usercreated>Admin</usercreated>
			<flags>0</flags>
			<properties>
				<property>
					<name>Title</name>
					<value><![CDATA[search]]></value>
				</property>
				<property type="shared">
					<name>image.size</name>
					<value><![CDATA[w:32,h:32]]></value>
				</property>
			</properties>
			<relations/>
			<accesscontrol/>
		</file>
		<file>
			<destination>system/modules/com.synyx.greetingcards/resources/pictures</destination>
			<type>folder</type>
			<uuidstructure>fdecda5d-9f45-11dc-a80b-3b470b76c2ba</uuidstructure>
			<datelastmodified>Tue, 26 Sep 2006 08:40:36 GMT</datelastmodified>
			<userlastmodified>Admin</userlastmodified>
			<datecreated>Tue, 26 Sep 2006 08:40:36 GMT</datecreated>
			<usercreated>Admin</usercreated>
			<flags>0</flags>
			<properties>
				<property>
					<name>Title</name>
					<value><![CDATA[The images for the greeting cards.]]></value>
				</property>
			</properties>
			<relations/>
			<accesscontrol/>
		</file>
		<file>
			<destination>system/modules/com.synyx.greetingcards/resources/pictures/animals</destination>
			<type>imagegallery</type>
			<uuidstructure>fdef4b60-9f45-11dc-a80b-3b470b76c2ba</uuidstructure>
			<datelastmodified>Tue, 26 Sep 2006 08:40:36 GMT</datelastmodified>
			<userlastmodified>Admin</userlastmodified>
			<datecreated>Tue, 26 Sep 2006 08:40:36 GMT</datecreated>
			<usercreated>Admin</usercreated>
			<flags>0</flags>
			<properties>
				<property>
					<name>NavPos</name>
					<value><![CDATA[1.0]]></value>
				</property>
				<property>
					<name>NavText</name>
					<value><![CDATA[Tierbilder]]></value>
				</property>
				<property>
					<name>Title</name>
					<value><![CDATA[Tierbilder]]></value>
				</property>
			</properties>
			<relations/>
			<accesscontrol/>
		</file>
		<file>
			<destination>system/modules/com.synyx.greetingcards/resources/pictures/landscape</destination>
			<type>imagegallery</type>
			<uuidstructure>fdf23195-9f45-11dc-a80b-3b470b76c2ba</uuidstructure>
			<datelastmodified>Tue, 26 Sep 2006 08:40:36 GMT</datelastmodified>
			<userlastmodified>Admin</userlastmodified>
			<datecreated>Tue, 26 Sep 2006 08:40:36 GMT</datecreated>
			<usercreated>Admin</usercreated>
			<flags>0</flags>
			<properties>
				<property>
					<name>NavPos</name>
					<value><![CDATA[2.0]]></value>
				</property>
				<property>
					<name>NavText</name>
					<value><![CDATA[Landschaften]]></value>
				</property>
				<property>
					<name>Title</name>
					<value><![CDATA[Landschaft]]></value>
				</property>
			</properties>
			<relations/>
			<accesscontrol/>
		</file>
		<file>
			<destination>system/modules/com.synyx.greetingcards/resources/pictures/plants</destination>
			<type>imagegallery</type>
			<uuidstructure>fdf517ca-9f45-11dc-a80b-3b470b76c2ba</uuidstructure>
			<datelastmodified>Tue, 26 Sep 2006 08:40:37 GMT</datelastmodified>
			<userlastmodified>Admin</userlastmodified>
			<datecreated>Tue, 26 Sep 2006 08:40:37 GMT</datecreated>
			<usercreated>Admin</usercreated>
			<flags>0</flags>
			<properties>
				<property>
					<name>NavPos</name>
					<value><![CDATA[3.0]]></value>
				</property>
				<property>
					<name>NavText</name>
					<value><![CDATA[Pflanzen]]></value>
				</property>
				<property>
					<name>Title</name>
					<value><![CDATA[Pflanzen]]></value>
				</property>
			</properties>
			<relations/>
			<accesscontrol/>
		</file>
		<file>
			<destination>system/modules/com.synyx.greetingcards/resources/schemas</destination>
			<type>folder</type>
			<uuidstructure>fdf7d6ef-9f45-11dc-a80b-3b470b76c2ba</uuidstructure>
			<datelastmodified>Mon, 25 Sep 2006 11:02:20 GMT</datelastmodified>
			<userlastmodified>Admin</userlastmodified>
			<datecreated>Mon, 25 Sep 2006 11:02:20 GMT</datecreated>
			<usercreated>Admin</usercreated>
			<flags>0</flags>
			<properties/>
			<relations/>
			<accesscontrol/>
		</file>
		<file>
			<source>system/modules/com.synyx.greetingcards/resources/schemas/synyx_database_configuration.xsd</source>
			<destination>system/modules/com.synyx.greetingcards/resources/schemas/synyx_database_configuration.xsd</destination>
			<type>plain</type>
			<uuidstructure>fdfbce90-9f45-11dc-a80b-3b470b76c2ba</uuidstructure>
			<uuidresource>0f056b44-6658-11db-8bee-1947ab1b5b6e</uuidresource>
			<datelastmodified>Tue, 05 Dec 2006 12:30:36 GMT</datelastmodified>
			<userlastmodified>Admin</userlastmodified>
			<datecreated>Sat, 28 Oct 2006 07:43:53 GMT</datecreated>
			<usercreated>Admin</usercreated>
			<flags>0</flags>
			<properties>
				<property>
					<name>Title</name>
					<value><![CDATA[The nested content of the database for the configuration.]]></value>
				</property>
			</properties>
			<relations/>
			<accesscontrol/>
		</file>
		<file>
			<source>system/modules/com.synyx.greetingcards/resources/schemas/synyx_greetingcard.xsd</source>
			<destination>system/modules/com.synyx.greetingcards/resources/schemas/synyx_greetingcard.xsd</destination>
			<type>plain</type>
			<uuidstructure>fdfe1882-9f45-11dc-a80b-3b470b76c2ba</uuidstructure>
			<uuidresource>d359a3af-4c85-11db-ab0b-ff4ce8fd69c9</uuidresource>
			<datelastmodified>Sun, 16 Dec 2007 21:48:24 GMT</datelastmodified>
			<userlastmodified>Admin</userlastmodified>
			<datecreated>Mon, 25 Sep 2006 11:05:59 GMT</datecreated>
			<usercreated>Admin</usercreated>
			<flags>0</flags>
			<properties>
				<property>
					<name>Title</name>
					<value><![CDATA[The properties for one greeting card.]]></value>
				</property>
			</properties>
			<relations/>
			<accesscontrol/>
		</file>
		<file>
			<source>system/modules/com.synyx.greetingcards/resources/schemas/synyx_greetingcard_configuration.xsd</source>
			<destination>system/modules/com.synyx.greetingcards/resources/schemas/synyx_greetingcard_configuration.xsd</destination>
			<type>plain</type>
			<uuidstructure>fe003b64-9f45-11dc-a80b-3b470b76c2ba</uuidstructure>
			<uuidresource>849e067d-5ab9-11db-8c62-db9387643baa</uuidresource>
			<datelastmodified>Fri, 14 Dec 2007 14:30:15 GMT</datelastmodified>
			<userlastmodified>Admin</userlastmodified>
			<datecreated>Fri, 13 Oct 2006 12:51:17 GMT</datecreated>
			<usercreated>Admin</usercreated>
			<flags>0</flags>
			<properties>
				<property>
					<name>Title</name>
					<value><![CDATA[The xml schema for the possible configurations.]]></value>
				</property>
			</properties>
			<relations/>
			<accesscontrol/>
		</file>
		<file>
			<source>system/modules/com.synyx.greetingcards/resources/schemas/synyx_textfields.xsd</source>
			<destination>system/modules/com.synyx.greetingcards/resources/schemas/synyx_textfields.xsd</destination>
			<type>plain</type>
			<uuidstructure>fe02d376-9f45-11dc-a80b-3b470b76c2ba</uuidstructure>
			<uuidresource>6294bc9f-4d3d-11db-830f-db9387643baa</uuidresource>
			<datelastmodified>Thu, 30 Nov 2006 15:08:29 GMT</datelastmodified>
			<userlastmodified>Admin</userlastmodified>
			<datecreated>Tue, 26 Sep 2006 08:59:57 GMT</datecreated>
			<usercreated>Admin</usercreated>
			<flags>0</flags>
			<properties>
				<property>
					<name>Title</name>
					<value><![CDATA[The nested content for a Textfield.]]></value>
				</property>
			</properties>
			<relations/>
			<accesscontrol/>
		</file>
		<file>
			<source>system/modules/com.synyx.greetingcards/resources/schemas/synyx_thumbnail_configuration.xsd</source>
			<destination>system/modules/com.synyx.greetingcards/resources/schemas/synyx_thumbnail_configuration.xsd</destination>
			<type>plain</type>
			<uuidstructure>fe051d68-9f45-11dc-a80b-3b470b76c2ba</uuidstructure>
			<uuidresource>d993f907-6658-11db-8bee-1947ab1b5b6e</uuidresource>
			<datelastmodified>Fri, 14 Dec 2007 14:03:42 GMT</datelastmodified>
			<userlastmodified>Admin</userlastmodified>
			<datecreated>Sat, 28 Oct 2006 07:49:33 GMT</datecreated>
			<usercreated>Admin</usercreated>
			<flags>0</flags>
			<properties>
				<property>
					<name>Title</name>
					<value><![CDATA[The nested content of the thumbnails for the configuration.]]></value>
				</property>
			</properties>
			<relations/>
			<accesscontrol/>
		</file>
		<file>
			<destination>system/workplace</destination>
			<type>folder</type>
			<uuidstructure>825afce2-11b7-11db-91cd-fdbae480bac9</uuidstructure>
			<datelastmodified>Mon, 27 Mar 2006 12:00:00 GMT</datelastmodified>
			<userlastmodified>Admin</userlastmodified>
			<datecreated>Mon, 27 Jun 2005 08:00:00 GMT</datecreated>
			<usercreated>Admin</usercreated>
			<flags>0</flags>
			<properties>
				<property>
					<name>content-encoding</name>
					<value><![CDATA[UTF-8]]></value>
				</property>
				<property>
					<name>export</name>
					<value><![CDATA[false]]></value>
				</property>
				<property>
					<name>login-form</name>
					<value><![CDATA[/system/login/index.html]]></value>
				</property>
			</properties>
			<relations/>
			<accesscontrol>
				<accessentry>
					<uuidprincipal>ALL_OTHERS</uuidprincipal>
					<flags>134</flags>
					<permissionset>
						<allowed>0</allowed>
						<denied>0</denied>
					</permissionset>
				</accessentry>
				<accessentry>
					<uuidprincipal>ROLE.WORKPLACE_USER</uuidprincipal>
					<flags>518</flags>
					<permissionset>
						<allowed>5</allowed>
						<denied>0</denied>
					</permissionset>
				</accessentry>
			</accesscontrol>
		</file>
		<file>
			<destination>system/workplace/admin</destination>
			<type>folder</type>
			<uuidstructure>825fb7db-11b7-11db-91cd-fdbae480bac9</uuidstructure>
			<datelastmodified>Mon, 27 Mar 2006 12:00:00 GMT</datelastmodified>
			<userlastmodified>Admin</userlastmodified>
			<datecreated>Mon, 27 Jun 2005 08:00:00 GMT</datecreated>
			<usercreated>Admin</usercreated>
			<flags>0</flags>
			<properties>
				<property>
					<name>Title</name>
					<value><![CDATA[Administration View]]></value>
				</property>
				<property>
					<name>cache</name>
					<value><![CDATA[bypass]]></value>
				</property>
			</properties>
			<relations/>
			<accesscontrol/>
		</file>
		<file>
			<destination>system/workplace/admin/greetingcards</destination>
			<type>folder</type>
			<uuidstructure>fe08c6eb-9f45-11dc-a80b-3b470b76c2ba</uuidstructure>
			<datelastmodified>Fri, 08 Dec 2006 09:57:21 GMT</datelastmodified>
			<userlastmodified>Admin</userlastmodified>
			<datecreated>Wed, 06 Dec 2006 10:26:43 GMT</datecreated>
			<usercreated>Admin</usercreated>
			<flags>0</flags>
			<properties>
				<property>
					<name>Description</name>
					<value><![CDATA[Statistik über die vom Grußkartenmodul versandten Karten]]></value>
				</property>
				<property>
					<name>NavImage</name>
					<value><![CDATA[tools/greetingcards/greetingcards_big.png:tools/greetingcards/greetingcards_small.png]]></value>
				</property>
				<property>
					<name>NavPos</name>
					<value><![CDATA[121.0]]></value>
				</property>
				<property>
					<name>NavText</name>
					<value><![CDATA[Grußkarten-Statistik]]></value>
				</property>
				<property>
					<name>Title</name>
					<value><![CDATA[Grußkarten-Statistik]]></value>
				</property>
				<property>
					<name>admintoolhandler-class</name>
					<value><![CDATA[org.opencms.workplace.tools.CmsDefaultToolHandler]]></value>
				</property>
				<property>
					<name>default-file</name>
					<value><![CDATA[statistics.jsp]]></value>
				</property>
			</properties>
			<relations/>
			<accesscontrol/>
		</file>
		<file>
			<destination>system/workplace/admin/greetingcards/statistics.jsp</destination>
			<type>jsp</type>
			<uuidstructure>fe0bfb43-9f45-11dc-a80b-3b470b76c2ba</uuidstructure>
			<uuidresource>09e084df-85e7-11db-bc3c-73ceb87f0f78</uuidresource>
			<datelastmodified>Thu, 03 Jan 2008 10:21:26 GMT</datelastmodified>
			<userlastmodified>Admin</userlastmodified>
			<datecreated>Thu, 07 Dec 2006 11:35:28 GMT</datecreated>
			<usercreated>Admin</usercreated>
			<flags>0</flags>
			<properties>
				<property type="shared">
					<name>export</name>
					<value><![CDATA[false]]></value>
				</property>
			</properties>
			<relations/>
			<accesscontrol/>
		</file>
		<file>
			<destination>system/workplace/resources</destination>
			<type>folder</type>
			<uuidstructure>82c16052-11b7-11db-91cd-fdbae480bac9</uuidstructure>
			<datelastmodified>Mon, 27 Mar 2006 12:00:00 GMT</datelastmodified>
			<userlastmodified>Admin</userlastmodified>
			<datecreated>Mon, 27 Jun 2005 08:00:00 GMT</datecreated>
			<usercreated>Admin</usercreated>
			<flags>0</flags>
			<properties/>
			<relations/>
			<accesscontrol/>
		</file>
		<file>
			<destination>system/workplace/resources/tools</destination>
			<type>folder</type>
			<uuidstructure>c3a8d33c-11b7-11db-91cd-fdbae480bac9</uuidstructure>
			<datelastmodified>Mon, 27 Mar 2006 12:00:00 GMT</datelastmodified>
			<userlastmodified>Admin</userlastmodified>
			<datecreated>Mon, 27 Jun 2005 08:00:00 GMT</datecreated>
			<usercreated>Admin</usercreated>
			<flags>0</flags>
			<properties/>
			<relations/>
			<accesscontrol/>
		</file>
		<file>
			<destination>system/workplace/resources/tools/greetingcards</destination>
			<type>folder</type>
			<uuidstructure>fe10dd47-9f45-11dc-a80b-3b470b76c2ba</uuidstructure>
			<datelastmodified>Wed, 06 Dec 2006 10:42:17 GMT</datelastmodified>
			<userlastmodified>Admin</userlastmodified>
			<datecreated>Wed, 06 Dec 2006 10:42:17 GMT</datecreated>
			<usercreated>Admin</usercreated>
			<flags>0</flags>
			<properties/>
			<relations/>
			<accesscontrol/>
		</file>
		<file>
			<source>system/workplace/resources/tools/greetingcards/greetingcards_big.png</source>
			<destination>system/workplace/resources/tools/greetingcards/greetingcards_big.png</destination>
			<type>image</type>
			<uuidstructure>fe12d918-9f45-11dc-a80b-3b470b76c2ba</uuidstructure>
			<uuidresource>2829c72a-8517-11db-be8d-73ceb87f0f78</uuidresource>
			<datelastmodified>Wed, 06 Dec 2006 10:47:24 GMT</datelastmodified>
			<userlastmodified>Admin</userlastmodified>
			<datecreated>Wed, 06 Dec 2006 10:47:24 GMT</datecreated>
			<usercreated>Admin</usercreated>
			<flags>0</flags>
			<properties>
				<property>
					<name>Title</name>
					<value><![CDATA[mail_new]]></value>
				</property>
				<property type="shared">
					<name>image.size</name>
					<value><![CDATA[w:32,h:32]]></value>
				</property>
			</properties>
			<relations/>
			<accesscontrol/>
		</file>
		<file>
			<source>system/workplace/resources/tools/greetingcards/greetingcards_small.png</source>
			<destination>system/workplace/resources/tools/greetingcards/greetingcards_small.png</destination>
			<type>image</type>
			<uuidstructure>fe15bf4b-9f45-11dc-a80b-3b470b76c2ba</uuidstructure>
			<uuidresource>3ad1d218-8518-11db-be8d-73ceb87f0f78</uuidresource>
			<datelastmodified>Wed, 06 Dec 2006 10:55:05 GMT</datelastmodified>
			<userlastmodified>Admin</userlastmodified>
			<datecreated>Wed, 06 Dec 2006 10:55:05 GMT</datecreated>
			<usercreated>Admin</usercreated>
			<flags>0</flags>
			<properties>
				<property>
					<name>Title</name>
					<value><![CDATA[mail_new]]></value>
				</property>
				<property type="shared">
					<name>image.size</name>
					<value><![CDATA[w:22,h:22]]></value>
				</property>
			</properties>
			<relations/>
			<accesscontrol/>
		</file>
		<file>
			<source>system/workplace/resources/tools/greetingcards/options_big.png</source>
			<destination>system/workplace/resources/tools/greetingcards/options_big.png</destination>
			<type>image</type>
			<uuidstructure>fe1ac85e-9f45-11dc-a80b-3b470b76c2ba</uuidstructure>
			<uuidresource>c9d04687-851c-11db-be8d-73ceb87f0f78</uuidresource>
			<datelastmodified>Wed, 06 Dec 2006 11:27:42 GMT</datelastmodified>
			<userlastmodified>Admin</userlastmodified>
			<datecreated>Wed, 06 Dec 2006 11:27:42 GMT</datecreated>
			<usercreated>Admin</usercreated>
			<flags>0</flags>
			<properties>
				<property>
					<name>Title</name>
					<value><![CDATA[lin_agt_wrench]]></value>
				</property>
				<property type="shared">
					<name>image.size</name>
					<value><![CDATA[w:32,h:32]]></value>
				</property>
			</properties>
			<relations/>
			<accesscontrol/>
		</file>
		<file>
			<source>system/workplace/resources/tools/greetingcards/options_small.png</source>
			<destination>system/workplace/resources/tools/greetingcards/options_small.png</destination>
			<type>image</type>
			<uuidstructure>fe1d8781-9f45-11dc-a80b-3b470b76c2ba</uuidstructure>
			<uuidresource>b0af799d-851c-11db-be8d-73ceb87f0f78</uuidresource>
			<datelastmodified>Wed, 06 Dec 2006 11:27:00 GMT</datelastmodified>
			<userlastmodified>Admin</userlastmodified>
			<datecreated>Wed, 06 Dec 2006 11:27:00 GMT</datecreated>
			<usercreated>Admin</usercreated>
			<flags>0</flags>
			<properties>
				<property>
					<name>Title</name>
					<value><![CDATA[lin_agt_wrench]]></value>
				</property>
				<property type="shared">
					<name>image.size</name>
					<value><![CDATA[w:22,h:22]]></value>
				</property>
			</properties>
			<relations/>
			<accesscontrol/>
		</file>
		<file>
			<source>system/workplace/resources/tools/greetingcards/statistics_big.png</source>
			<destination>system/workplace/resources/tools/greetingcards/statistics_big.png</destination>
			<type>image</type>
			<uuidstructure>fe206db4-9f45-11dc-a80b-3b470b76c2ba</uuidstructure>
			<uuidresource>f647bd22-8517-11db-be8d-73ceb87f0f78</uuidresource>
			<datelastmodified>Wed, 06 Dec 2006 10:53:10 GMT</datelastmodified>
			<userlastmodified>Admin</userlastmodified>
			<datecreated>Wed, 06 Dec 2006 10:53:10 GMT</datecreated>
			<usercreated>Admin</usercreated>
			<flags>0</flags>
			<properties>
				<property>
					<name>Title</name>
					<value><![CDATA[view_sidetree]]></value>
				</property>
				<property type="shared">
					<name>image.size</name>
					<value><![CDATA[w:32,h:32]]></value>
				</property>
			</properties>
			<relations/>
			<accesscontrol/>
		</file>
		<file>
			<source>system/workplace/resources/tools/greetingcards/statistics_small.png</source>
			<destination>system/workplace/resources/tools/greetingcards/statistics_small.png</destination>
			<type>image</type>
			<uuidstructure>fe2305c7-9f45-11dc-a80b-3b470b76c2ba</uuidstructure>
			<uuidresource>2029f000-8518-11db-be8d-73ceb87f0f78</uuidresource>
			<datelastmodified>Wed, 06 Dec 2006 10:54:20 GMT</datelastmodified>
			<userlastmodified>Admin</userlastmodified>
			<datecreated>Wed, 06 Dec 2006 10:54:20 GMT</datecreated>
			<usercreated>Admin</usercreated>
			<flags>0</flags>
			<properties>
				<property>
					<name>Title</name>
					<value><![CDATA[view_sidetree]]></value>
				</property>
				<property type="shared">
					<name>image.size</name>
					<value><![CDATA[w:22,h:21]]></value>
				</property>
			</properties>
			<relations/>
			<accesscontrol/>
		</file>
	</files>
</export>
